Acquired Date,Revenue
8/16/2008,0
8/16/2008,0
8/16/2008,0
8/16/2008,0
8/16/2008,0
8/16/2008,0
8/16/2008,0
8/16/2008,0
8/16/2008,0
8/16/2008,0
8/16/2008,0
8/16/2008,0
8/16/2008,0
8/16/2008,0
8/16/2008,0
10/1/2006,0
11/13/2004,0
11/13/2004,0
11/13/2004,0
11/13/2004,0
11/13/2004,0
11/13/2004,0
11/13/2004,0
11/13/2004,0
11/13/2004,0
11/13/2004,0
11/13/2004,0
11/13/2004,0
11/13/2004,0
11/13/2004,0
11/13/2004,0
11/13/2004,0
11/13/2004,0
11/13/2004,0
11/13/2004,0
11/13/2004,0
11/13/2004,0
11/13/2004,0
11/13/2004,0
11/13/2004,0
11/13/2004,0
11/13/2004,0
11/13/2004,0
11/13/2004,0
11/13/2004,0
11/13/2004,0
11/13/2004,0
11/13/2004,0
11/13/2004,0
11/13/2004,0
11/13/2004,0
11/13/2004,0
11/13/2004,0
11/13/2004,0
11/13/2004,0
11/13/2004,0
11/13/2004,0
11/13/2004,0
11/13/2004,0
11/13/2004,0
11/13/2004,0
11/13/2004,0
11/13/2004,0
11/13/2004,0
11/13/2004,0
11/13/2004,0
11/13/2004,0
11/13/2004,0
11/13/2004,0
11/13/2004,0
11/13/2004,0
11/13/2004,0
11/13/2004,0
11/13/2004,0
11/13/2004,0
11/13/2004,0
11/13/2004,0
11/13/2004,0
11/13/2004,0
11/13/2004,0
11/13/2004,0
11/13/2004,0
11/13/2004,0
11/13/2004,0
11/13/2004,0
11/13/2004,0
11/13/2004,0
11/13/2004,0
11/10/2001,0
8/1/2000,0
8/1/2000,0
8/1/2000,0
8/1/2000,0
8/1/2000,0
8/1/2000,0
8/1/2000,0
8/1/2000,0
8/1/2000,0
8/1/2000,0
8/1/2000,0
8/1/2000,0
8/1/2000,0
8/1/2000,0
8/1/2000,0
8/1/2000,0
8/1/2000,0
7/14/1996,0
7/14/1996,0
7/14/1996,0
11/13/2004,1
11/13/2004,3
7/14/1996,1032
11/13/2004,4909
11/13/2004,8208
11/13/2004,13015
11/13/2004,20355
11/13/2004,25622
9/25/2008,26901
11/13/2004,31415
9/25/2008,32490
9/25/2008,42004
7/14/1996,43175
11/13/2004,50022
11/13/2004,51872
9/25/2008,52474
11/13/2004,56866
9/25/2008,58869
9/25/2008,60398
9/25/2008,60834
11/13/2004,61637
11/13/2004,64301
9/25/2008,64653
9/25/2008,65247
10/1/2006,66027
11/13/2004,68990
11/13/2004,71976
9/25/2008,72474
11/13/2004,72938
9/25/2008,73846
9/25/2008,74592
11/13/2004,76753
9/25/2008,77148
11/13/2004,77180
11/13/2004,77603
9/25/2008,78958
11/13/2004,81034
11/13/2004,81937
11/13/2004,82620
9/25/2008,82982
11/13/2004,84260
9/25/2008,84266
11/13/2004,84360
10/1/2006,84547
9/25/2008,85763
11/13/2004,86154
9/25/2008,86196
11/13/2004,87193
9/25/2008,87835
11/13/2004,88107
9/25/2008,88162
11/13/2004,89039
9/25/2008,90120
11/13/2004,90368
9/25/2008,90950
11/13/2004,91275
9/25/2008,91375
9/25/2008,91393
11/13/2004,91729
11/13/2004,92862
9/25/2008,92987
11/13/2004,93894
9/25/2008,94434
11/13/2004,94674
11/13/2004,95283
9/25/2008,95390
9/25/2008,95716
11/13/2004,95851
9/25/2008,96633
11/13/2004,96708
9/25/2008,97183
9/25/2008,97566
11/13/2004,98006
9/25/2008,98052
11/13/2004,98729
11/13/2004,98908
11/13/2004,99678
9/25/2008,100378
11/13/2004,100646
11/13/2004,100756
9/25/2008,100805
9/25/2008,100856
11/13/2004,101142
11/13/2004,102173
9/25/2008,102579
9/25/2008,102617
9/25/2008,104645
9/25/2008,105321
11/13/2004,105817
9/25/2008,105824
9/25/2008,106338
9/25/2008,107680
11/13/2004,108325
9/25/2008,108396
9/25/2008,108693
9/25/2008,109004
9/25/2008,109039
9/25/2008,109074
9/25/2008,109424
11/13/2004,109792
11/13/2004,109916
11/13/2004,110116
11/13/2004,110746
9/25/2008,110892
9/25/2008,110905
11/13/2004,111064
11/13/2004,111532
11/13/2004,111898
11/13/2004,112766
9/25/2008,113613
11/13/2004,113635
11/13/2004,113871
9/25/2008,114229
9/25/2008,114782
8/1/2000,114824
11/13/2004,114944
11/13/2004,115136
9/25/2008,115495
11/13/2004,115579
9/25/2008,115853
11/13/2004,115945
8/1/2000,119461
11/13/2004,119694
9/25/2008,119964
9/25/2008,120100
9/25/2008,120107
11/13/2004,120576
9/25/2008,120631
11/13/2004,121367
7/14/1996,121999
9/25/2008,122455
11/13/2004,123022
9/25/2008,123561
9/25/2008,123580
9/25/2008,123931
11/13/2004,124196
9/25/2008,124306
11/13/2004,124990
11/13/2004,125011
9/25/2008,125220
9/25/2008,125311
9/25/2008,125554
11/13/2004,125835
11/13/2004,126114
10/1/2006,126349
9/25/2008,126645
9/25/2008,126752
9/25/2008,127183
11/13/2004,127378
9/25/2008,127609
11/13/2004,127901
11/13/2004,128022
11/13/2004,128470
9/25/2008,129082
11/13/2004,129099
11/13/2004,130307
11/13/2004,130360
9/25/2008,131256
11/13/2004,131364
9/25/2008,132261
11/13/2004,132323
9/25/2008,132729
11/13/2004,132784
9/25/2008,132826
9/25/2008,132955
11/13/2004,133335
9/25/2008,133790
11/13/2004,133915
9/25/2008,134194
9/25/2008,135154
9/25/2008,135230
9/25/2008,135538
11/13/2004,135652
9/25/2008,135800
11/13/2004,135907
11/13/2004,136870
9/25/2008,136930
9/25/2008,137356
9/25/2008,137584
9/25/2008,137975
9/25/2008,138449
9/25/2008,138707
11/13/2004,138790
9/25/2008,138792
11/13/2004,138835
11/13/2004,138857
9/25/2008,138934
11/13/2004,139290
11/13/2004,139704
9/25/2008,139709
9/25/2008,140098
11/13/2004,140415
9/25/2008,140874
9/25/2008,140879
11/13/2004,141115
9/25/2008,141665
10/1/2006,142008
9/25/2008,142074
9/25/2008,143183
11/13/2004,143194
10/1/2006,143365
9/25/2008,143605
9/25/2008,143617
11/13/2004,143650
9/25/2008,143828
9/25/2008,144012
11/13/2004,144212
11/13/2004,144416
11/13/2004,144493
11/13/2004,144696
9/25/2008,144825
9/25/2008,145072
11/13/2004,145607
9/25/2008,145768
9/25/2008,146205
11/13/2004,146723
9/25/2008,146922
1/18/1975,147224
9/25/2008,147273
11/13/2004,147375
11/13/2004,147444
9/25/2008,147605
11/13/2004,147613
11/13/2004,147811
9/25/2008,148015
11/13/2004,148076
9/25/2008,148237
9/25/2008,148429
11/13/2004,148657
11/13/2004,148723
9/25/2008,148911
9/25/2008,149676
11/13/2004,149841
9/25/2008,150350
9/25/2008,150705
11/13/2004,150739
9/25/2008,150781
9/25/2008,150853
11/13/2004,151160
11/13/2004,151895
9/25/2008,151955
9/25/2008,151974
9/25/2008,152515
11/13/2004,152586
11/13/2004,152806
9/25/2008,152831
11/13/2004,153038
9/25/2008,153529
9/25/2008,154079
9/25/2008,154183
10/1/2006,154884
9/25/2008,155408
9/25/2008,155490
11/13/2004,155665
11/13/2004,155765
11/13/2004,156108
9/25/2008,156116
11/13/2004,156198
11/13/2004,156330
9/25/2008,157508
11/13/2004,157543
11/13/2004,157551
9/25/2008,157629
11/13/2004,157827
9/25/2008,157989
9/25/2008,158367
11/13/2004,158388
11/13/2004,158460
11/13/2004,158734
9/25/2008,158774
11/13/2004,158997
11/13/2004,159138
11/13/2004,159394
11/13/2004,159629
11/13/2004,159752
9/25/2008,159821
9/25/2008,159969
9/25/2008,160108
11/13/2004,160265
9/25/2008,161016
11/13/2004,161140
11/13/2004,161322
11/13/2004,161991
9/25/2008,162033
9/25/2008,162144
10/1/2006,162542
11/13/2004,162569
10/1/2006,162697
9/25/2008,163447
9/25/2008,163729
11/13/2004,163962
9/25/2008,164084
9/25/2008,164193
11/13/2004,164419
11/13/2004,164473
9/25/2008,164717
11/13/2004,164976
11/13/2004,165060
9/25/2008,165254
11/13/2004,165495
9/25/2008,165930
9/25/2008,165974
9/25/2008,166413
11/13/2004,166518
9/25/2008,166534
9/25/2008,166674
9/25/2008,167348
11/13/2004,167891
11/13/2004,168637
9/25/2008,169120
9/25/2008,169225
11/13/2004,169234
8/1/2000,169310
9/25/2008,169481
9/25/2008,169550
11/13/2004,169749
11/13/2004,170152
9/25/2008,170184
9/25/2008,170421
11/13/2004,170466
9/25/2008,170554
11/13/2004,170631
9/25/2008,170810
9/25/2008,171188
9/25/2008,171498
7/14/1996,171632
9/25/2008,171724
9/25/2008,171904
11/13/2004,171906
11/13/2004,172250
9/25/2008,172696
11/13/2004,173116
11/13/2004,173314
9/25/2008,173959
9/25/2008,173973
9/25/2008,174227
9/25/2008,174597
9/25/2008,174674
9/25/2008,174795
9/25/2008,175110
9/25/2008,176159
9/25/2008,176736
11/13/2004,177031
9/25/2008,177048
11/13/2004,177310
11/13/2004,177326
11/13/2004,177512
11/13/2004,177651
9/25/2008,177836
11/13/2004,178019
11/13/2004,178147
9/25/2008,178521
7/14/1996,178631
11/13/2004,178663
11/13/2004,178759
11/13/2004,178864
9/25/2008,179277
9/25/2008,179348
11/13/2004,179432
11/13/2004,179642
9/25/2008,179701
11/13/2004,179744
7/14/1996,180021
11/13/2004,180276
11/13/2004,180437
10/1/2006,180529
11/13/2004,180535
11/13/2004,180600
9/25/2008,181195
9/25/2008,181223
9/25/2008,182032
9/25/2008,182058
11/13/2004,182656
9/25/2008,182684
10/1/2006,182764
9/25/2008,182876
11/13/2004,182908
9/25/2008,182974
11/13/2004,183149
11/13/2004,183192
11/13/2004,183482
9/25/2008,183620
9/25/2008,183662
8/1/2000,183899
9/25/2008,183955
11/13/2004,184184
11/13/2004,184724
9/25/2008,184727
9/25/2008,185053
9/25/2008,185161
9/25/2008,185179
9/25/2008,185315
9/25/2008,185615
9/25/2008,185878
9/25/2008,185891
11/13/2004,186301
9/25/2008,186368
11/13/2004,186429
11/13/2004,186942
11/13/2004,186957
9/25/2008,186962
11/13/2004,186969
9/25/2008,187033
11/13/2004,187811
9/25/2008,187916
11/13/2004,188218
11/13/2004,188220
10/1/2006,188977
11/13/2004,189177
9/25/2008,189212
11/13/2004,189288
11/13/2004,189442
9/25/2008,189664
9/25/2008,190476
9/25/2008,190510
11/13/2004,191186
11/13/2004,192089
9/25/2008,192181
9/25/2008,192321
11/13/2004,193083
11/13/2004,193197
11/13/2004,193304
9/25/2008,193565
11/13/2004,193789
9/25/2008,193881
11/13/2004,193920
9/25/2008,194845
11/13/2004,194965
11/13/2004,194967
9/25/2008,195303
9/25/2008,195328
7/14/1996,195352
11/13/2004,195613
11/13/2004,195618
11/13/2004,195817
9/25/2008,195988
11/13/2004,196025
11/13/2004,196112
9/25/2008,196230
9/25/2008,196400
10/1/2006,196529
11/13/2004,197309
10/1/2006,197413
10/1/2006,197478
9/25/2008,198011
11/13/2004,198135
9/25/2008,198148
11/13/2004,198292
11/13/2004,198355
9/25/2008,198365
11/13/2004,198487
11/13/2004,198642
9/25/2008,198917
9/25/2008,199181
10/1/2006,199325
9/25/2008,199481
11/13/2004,199638
9/25/2008,199826
11/13/2004,199835
11/13/2004,199902
11/13/2004,199924
9/25/2008,199940
9/25/2008,200249
10/1/2006,200462
9/25/2008,201714
11/13/2004,201777
9/25/2008,202399
11/13/2004,202522
11/13/2004,202547
9/25/2008,202582
10/1/2006,202757
11/13/2004,202792
11/13/2004,203136
9/25/2008,203657
11/13/2004,203805
9/25/2008,203820
11/13/2004,204117
11/13/2004,204304
9/25/2008,204309
9/25/2008,204700
11/13/2004,204730
9/25/2008,204769
11/13/2004,205323
9/25/2008,205350
9/25/2008,205556
9/25/2008,205804
11/13/2004,205852
9/25/2008,206017
9/25/2008,206404
9/25/2008,206484
9/25/2008,206673
9/25/2008,207123
9/25/2008,207558
11/13/2004,207650
9/25/2008,207758
9/25/2008,207842
9/25/2008,207996
9/25/2008,208079
11/13/2004,208255
11/13/2004,208426
11/13/2004,208441
11/13/2004,208549
11/13/2004,208634
11/13/2004,208695
9/25/2008,208743
9/25/2008,208810
9/25/2008,209397
7/14/1996,209534
11/13/2004,209663
11/13/2004,209707
9/25/2008,209872
9/25/2008,209902
11/13/2004,209949
11/13/2004,210069
11/13/2004,210798
9/25/2008,211033
9/25/2008,211437
11/13/2004,211765
11/13/2004,211835
11/13/2004,211853
9/25/2008,212232
11/13/2004,212329
9/25/2008,213121
9/25/2008,213201
11/13/2004,213520
9/25/2008,213659
9/25/2008,213846
11/13/2004,213893
9/25/2008,214044
10/1/2006,214113
11/13/2004,214215
9/25/2008,214230
10/1/2006,214406
9/25/2008,214475
9/25/2008,214988
9/25/2008,215185
11/13/2004,215810
11/13/2004,215830
11/13/2004,215846
9/25/2008,216094
9/25/2008,216147
11/13/2004,216611
10/1/2006,216626
11/13/2004,216665
11/13/2004,216858
9/25/2008,217165
9/25/2008,217172
9/25/2008,217186
9/25/2008,217459
9/25/2008,217970
9/25/2008,217994
9/25/2008,218217
11/13/2004,218324
11/13/2004,218356
10/1/2006,218614
11/13/2004,218652
11/13/2004,218669
9/25/2008,218671
11/13/2004,218672
11/13/2004,218699
11/13/2004,218721
11/13/2004,218847
10/1/2006,218884
11/13/2004,218913
11/13/2004,219326
9/25/2008,219434
10/1/2006,219651
9/25/2008,219774
11/13/2004,219866
9/25/2008,219989
9/25/2008,220231
11/13/2004,220540
11/13/2004,220900
9/25/2008,220955
11/13/2004,221016
9/25/2008,221164
9/25/2008,221272
11/13/2004,221472
11/13/2004,221633
9/25/2008,221829
11/13/2004,221840
11/13/2004,221933
11/13/2004,221954
11/13/2004,222005
11/13/2004,222160
9/25/2008,222355
11/13/2004,222926
9/25/2008,223242
11/13/2004,223410
11/13/2004,223603
9/25/2008,223760
9/25/2008,223790
9/25/2008,224008
11/13/2004,224091
11/13/2004,224289
11/13/2004,224615
11/13/2004,224973
11/13/2004,225077
11/13/2004,225283
11/13/2004,225600
9/25/2008,225628
7/14/1996,225931
11/13/2004,226020
9/25/2008,226048
11/13/2004,226077
11/13/2004,226469
9/25/2008,226559
9/25/2008,226630
9/25/2008,226798
11/13/2004,226902
9/25/2008,226910
11/13/2004,227000
11/13/2004,227257
10/1/2006,227422
11/13/2004,227616
9/25/2008,227668
9/25/2008,227672
9/25/2008,227922
9/25/2008,227928
11/13/2004,228124
9/25/2008,228204
11/13/2004,228335
10/1/2006,228377
11/13/2004,228731
11/13/2004,228795
11/13/2004,228884
11/13/2004,228925
9/25/2008,229261
11/13/2004,229532
11/13/2004,229536
9/25/2008,230188
7/14/1996,230510
11/13/2004,230517
11/13/2004,230567
10/1/2006,230725
11/13/2004,231110
11/13/2004,231385
9/25/2008,231504
10/1/2006,231642
11/13/2004,231869
9/25/2008,232243
9/25/2008,232473
9/25/2008,232561
11/13/2004,232676
11/13/2004,232676
9/25/2008,232736
11/13/2004,232802
6/20/1992,232820
11/13/2004,232835
11/13/2004,232849
9/25/2008,232917
10/1/2006,233237
9/25/2008,233863
9/25/2008,234070
7/14/1996,234122
11/13/2004,234332
11/13/2004,234785
9/25/2008,234904
11/13/2004,235221
11/13/2004,235232
9/25/2008,235405
9/25/2008,235624
11/13/2004,235740
9/25/2008,235783
9/25/2008,235900
8/1/2000,236090
9/25/2008,236177
11/13/2004,236243
10/1/2006,236306
1/18/1975,236739
9/25/2008,236990
7/14/1996,237163
11/13/2004,237210
11/13/2004,237404
11/13/2004,237633
11/13/2004,237854
9/25/2008,237868
9/25/2008,237974
10/1/2006,238043
11/13/2004,238104
9/25/2008,238154
9/25/2008,238314
11/13/2004,238689
11/13/2004,238879
9/25/2008,238903
9/25/2008,239083
11/13/2004,239131
11/13/2004,239198
11/13/2004,239405
9/25/2008,239699
9/25/2008,239749
9/25/2008,239946
10/1/2006,240511
11/13/2004,240531
10/1/2006,240642
11/13/2004,240678
9/25/2008,240834
11/13/2004,240959
9/25/2008,240965
9/25/2008,241071
9/25/2008,241380
11/13/2004,241469
11/13/2004,241636
11/13/2004,241685
10/1/2006,241860
8/1/2000,242132
9/25/2008,243083
11/13/2004,243085
11/13/2004,243129
10/1/2006,243201
9/25/2008,243340
11/13/2004,243489
9/25/2008,244119
11/13/2004,244156
11/13/2004,244180
9/25/2008,244391
10/1/2006,244513
11/13/2004,244752
9/25/2008,245088
9/25/2008,245167
9/25/2008,245170
9/25/2008,245341
9/25/2008,245345
9/25/2008,245585
9/25/2008,245590
9/25/2008,245649
11/13/2004,246177
11/13/2004,246217
11/13/2004,246283
9/25/2008,246314
9/25/2008,246516
10/1/2006,246861
9/25/2008,247157
9/25/2008,247421
11/13/2004,247459
9/25/2008,247601
11/13/2004,247689
11/13/2004,247789
11/13/2004,248180
9/25/2008,248728
9/25/2008,248936
11/13/2004,249018
11/13/2004,249039
11/13/2004,249634
9/25/2008,249875
11/13/2004,249980
11/13/2004,250074
11/13/2004,250092
9/25/2008,250136
11/13/2004,250224
11/13/2004,250290
9/25/2008,250401
11/13/2004,250412
9/25/2008,250427
11/13/2004,250510
7/14/1996,250963
9/25/2008,250987
9/25/2008,251148
11/13/2004,251234
11/13/2004,251316
9/25/2008,251344
9/25/2008,251453
9/25/2008,251547
9/25/2008,251644
10/1/2006,251778
9/25/2008,251997
11/13/2004,252035
11/13/2004,252054
10/1/2006,252079
11/13/2004,252103
10/1/2006,252283
11/13/2004,252346
11/13/2004,252536
9/25/2008,252701
9/25/2008,252909
9/25/2008,252929
11/13/2004,253624
11/13/2004,253735
9/25/2008,253943
9/25/2008,254246
9/25/2008,254344
9/25/2008,255133
11/13/2004,255422
9/25/2008,255487
11/13/2004,255589
11/13/2004,255617
9/25/2008,255884
11/13/2004,256135
9/25/2008,256664
9/25/2008,256852
9/25/2008,257383
11/13/2004,257499
9/25/2008,257792
9/25/2008,257927
9/25/2008,258027
11/13/2004,258079
11/13/2004,258133
11/13/2004,258215
11/13/2004,258343
11/13/2004,258663
9/25/2008,258738
11/13/2004,258762
9/25/2008,259006
11/13/2004,259223
9/25/2008,259257
10/1/2006,259421
9/25/2008,259424
9/25/2008,259508
9/25/2008,259597
9/25/2008,259762
9/25/2008,259813
11/13/2004,259987
11/13/2004,260280
9/25/2008,260338
9/25/2008,260693
9/25/2008,260779
9/25/2008,260984
9/25/2008,261103
10/1/2006,261103
9/25/2008,261156
11/13/2004,261295
10/1/2006,261394
9/25/2008,261782
9/25/2008,261852
10/1/2006,261853
9/25/2008,262006
11/13/2004,262114
9/25/2008,262598
9/25/2008,262670
11/13/2004,262823
11/13/2004,262942
11/13/2004,263036
9/25/2008,263617
9/25/2008,263660
9/25/2008,263688
9/25/2008,264056
10/1/2006,264068
9/25/2008,264077
11/13/2004,264112
11/13/2004,264166
9/25/2008,264196
9/25/2008,264274
11/13/2004,264333
9/25/2008,264404
9/25/2008,264908
11/13/2004,264909
11/13/2004,264921
11/13/2004,264980
10/1/2006,264998
7/14/1996,265043
9/25/2008,265046
11/13/2004,265249
11/13/2004,265323
9/25/2008,265801
7/14/1996,265874
9/25/2008,266023
9/25/2008,266287
9/25/2008,266329
9/25/2008,266570
11/13/2004,266667
10/1/2006,266776
9/25/2008,266993
11/13/2004,267012
11/13/2004,267246
11/13/2004,267266
11/13/2004,267351
10/1/2006,267555
9/25/2008,267839
11/13/2004,267920
9/25/2008,267922
11/13/2004,267975
9/25/2008,268257
9/25/2008,268784
10/1/2006,269205
11/13/2004,269240
11/13/2004,269420
11/13/2004,269561
11/13/2004,269732
9/25/2008,269759
11/13/2004,269779
11/13/2004,270139
9/25/2008,270454
11/13/2004,270649
11/13/2004,270746
9/25/2008,271286
11/13/2004,271403
9/25/2008,271705
9/25/2008,271815
11/13/2004,271842
9/25/2008,271864
9/25/2008,272169
11/13/2004,272219
11/13/2004,272269
9/25/2008,272358
9/25/2008,272502
11/13/2004,272731
9/25/2008,273215
11/13/2004,273326
9/25/2008,273483
9/25/2008,273765
9/25/2008,273784
11/13/2004,273901
9/25/2008,273968
9/25/2008,274137
11/13/2004,274314
9/25/2008,274493
9/25/2008,274545
9/25/2008,274545
9/25/2008,274585
11/13/2004,274881
11/13/2004,275274
11/13/2004,275287
11/13/2004,275682
7/14/1996,275800
11/13/2004,276471
11/13/2004,276675
11/13/2004,276700
11/13/2004,277002
10/1/2006,277011
9/25/2008,277522
9/25/2008,277652
9/25/2008,277677
9/25/2008,277680
11/13/2004,278092
9/25/2008,278366
11/13/2004,278527
11/13/2004,278688
11/13/2004,278791
9/25/2008,278896
9/25/2008,278916
9/25/2008,278966
11/13/2004,279101
10/1/2006,279630
11/13/2004,280035
9/25/2008,280105
9/25/2008,280187
9/25/2008,280338
9/25/2008,280890
9/25/2008,280893
9/25/2008,280995
9/25/2008,281009
11/13/2004,281273
9/25/2008,281452
9/25/2008,281457
11/13/2004,281768
10/1/2006,281799
9/25/2008,282085
9/25/2008,282349
11/13/2004,282537
10/1/2006,282688
9/25/2008,282963
9/25/2008,283178
10/1/2006,283422
11/13/2004,283464
11/13/2004,283777
9/25/2008,284047
9/25/2008,284353
9/25/2008,284542
11/13/2004,284628
9/25/2008,284706
11/13/2004,284736
9/25/2008,284924
9/25/2008,285101
11/13/2004,285194
7/14/1996,285610
11/13/2004,285904
9/25/2008,286035
11/13/2004,286243
9/25/2008,286247
11/13/2004,286524
11/13/2004,286931
10/1/2006,287173
9/25/2008,287364
9/25/2008,287545
11/13/2004,287851
11/13/2004,288313
11/13/2004,288330
9/25/2008,288464
11/13/2004,288497
9/25/2008,288858
9/25/2008,289017
9/25/2008,289492
8/1/2000,289505
9/25/2008,289794
11/13/2004,289800
11/13/2004,289945
11/13/2004,290178
6/20/1992,290272
11/13/2004,290290
11/13/2004,290846
9/25/2008,290849
11/13/2004,291157
9/25/2008,291261
9/25/2008,291388
9/25/2008,291810
9/25/2008,291873
11/13/2004,292169
9/25/2008,292280
8/1/2000,292644
11/13/2004,292657
11/13/2004,292763
10/1/2006,292876
9/25/2008,293105
11/13/2004,293153
9/25/2008,293170
10/1/2006,293236
9/25/2008,293280
10/1/2006,293330
8/1/2000,293430
9/25/2008,293437
10/1/2006,293645
9/25/2008,293770
9/25/2008,293964
10/1/2006,294028
11/13/2004,294218
11/13/2004,294540
11/13/2004,294744
9/25/2008,294902
11/13/2004,295070
10/1/2006,295149
11/13/2004,295257
11/13/2004,295286
12/1/1996,295312
10/1/2006,295455
9/25/2008,295531
11/13/2004,295828
9/25/2008,296070
11/13/2004,296153
11/13/2004,296193
10/1/2006,296412
11/13/2004,296429
11/13/2004,296562
11/13/2004,296616
9/25/2008,296836
10/1/2006,297240
11/13/2004,297641
9/25/2008,297710
11/13/2004,297852
11/13/2004,297898
11/13/2004,297955
11/13/2004,298147
11/13/2004,298286
9/25/2008,298410
9/25/2008,298418
11/13/2004,298790
10/1/2006,298991
11/13/2004,299202
9/25/2008,299312
11/13/2004,299534
11/13/2004,299825
9/25/2008,300168
9/25/2008,300936
11/13/2004,301255
11/13/2004,301389
9/25/2008,301534
9/25/2008,301669
11/13/2004,301733
11/13/2004,301818
9/25/2008,301890
9/25/2008,302399
9/25/2008,302469
9/25/2008,302494
9/25/2008,302547
11/13/2004,302572
11/13/2004,302592
11/13/2004,302665
11/13/2004,302712
11/13/2004,302738
11/13/2004,302776
11/13/2004,302955
9/25/2008,303052
10/1/2006,303739
11/13/2004,303747
11/13/2004,303806
11/13/2004,304207
11/13/2004,304256
11/13/2004,304469
11/13/2004,304685
9/25/2008,304958
9/25/2008,304959
9/25/2008,305067
10/1/2006,305115
9/25/2008,305156
9/25/2008,305368
11/13/2004,305786
10/1/2006,305973
10/1/2006,306033
11/13/2004,306195
11/13/2004,306815
11/13/2004,307079
9/25/2008,307110
11/13/2004,307461
9/25/2008,307514
11/13/2004,308092
10/1/2006,308359
10/1/2006,308757
9/25/2008,308980
9/25/2008,309159
11/13/2004,309282
9/25/2008,309284
11/13/2004,309287
11/13/2004,309360
11/13/2004,309516
9/25/2008,309593
9/25/2008,309656
9/25/2008,309680
11/13/2004,309895
10/1/2006,309991
10/1/2006,310319
10/1/2006,310678
7/14/1996,310757
11/13/2004,310764
7/14/1996,311005
11/13/2004,311063
9/25/2008,311301
9/25/2008,311353
11/13/2004,311519
9/25/2008,311783
11/13/2004,311807
11/13/2004,312045
9/25/2008,312091
9/25/2008,312487
9/25/2008,312928
11/13/2004,313287
9/25/2008,313453
9/25/2008,313708
9/25/2008,313718
8/1/2000,313854
9/25/2008,313944
10/1/2006,314146
11/13/2004,314204
11/13/2004,314407
8/1/2000,314727
9/25/2008,314779
9/25/2008,314795
9/25/2008,314893
11/13/2004,314937
9/25/2008,315156
9/25/2008,315923
11/13/2004,315931
11/13/2004,315953
9/25/2008,316180
9/25/2008,316215
11/13/2004,316440
9/25/2008,316539
11/13/2004,316658
11/13/2004,316850
9/25/2008,317413
11/13/2004,317423
11/13/2004,317470
11/13/2004,317765
11/13/2004,317814
9/25/2008,318123
9/25/2008,318213
11/13/2004,318279
9/25/2008,318709
11/13/2004,319326
11/13/2004,319332
10/1/2006,319368
11/13/2004,319416
11/13/2004,319604
11/13/2004,319705
11/13/2004,319772
9/25/2008,319778
7/14/1996,319920
11/13/2004,320107
11/13/2004,320116
9/25/2008,320255
11/13/2004,320286
9/25/2008,320454
11/13/2004,320455
9/25/2008,320880
9/25/2008,321249
11/13/2004,321412
11/13/2004,321583
10/1/2006,321600
11/13/2004,321801
11/13/2004,321871
10/1/2006,321880
10/1/2006,321980
9/25/2008,322105
9/25/2008,322277
11/13/2004,322627
11/13/2004,322657
11/13/2004,322662
11/13/2004,323096
11/13/2004,323216
11/13/2004,323557
11/13/2004,323633
9/25/2008,323655
11/13/2004,323951
9/25/2008,324150
9/25/2008,324227
11/13/2004,324236
11/13/2004,324415
9/25/2008,324423
11/13/2004,324828
9/25/2008,325189
9/25/2008,325419
11/13/2004,325641
10/1/2006,325904
11/13/2004,326036
9/25/2008,326086
11/13/2004,326186
9/25/2008,326598
9/25/2008,326621
10/1/2006,326738
9/25/2008,326799
10/1/2006,326869
11/13/2004,326927
9/25/2008,326953
11/13/2004,327344
11/13/2004,327702
9/25/2008,327986
11/13/2004,328030
9/25/2008,328211
9/25/2008,328281
9/25/2008,328298
10/1/2006,328429
11/13/2004,328456
11/13/2004,328532
11/13/2004,328704
9/25/2008,328737
11/13/2004,329007
11/13/2004,329365
11/13/2004,329440
10/1/2006,329895
9/25/2008,330080
9/25/2008,330222
9/25/2008,330438
9/25/2008,330461
11/13/2004,330700
9/25/2008,330739
11/13/2004,330815
11/13/2004,331049
9/25/2008,331106
11/13/2004,331115
11/13/2004,331154
11/13/2004,331357
9/25/2008,331451
10/1/2006,331515
11/13/2004,331646
9/25/2008,331760
11/13/2004,331969
11/13/2004,332153
9/25/2008,332156
7/14/1996,332389
11/13/2004,332500
11/13/2004,332782
9/25/2008,332847
9/25/2008,332966
11/13/2004,333129
9/25/2008,333222
9/25/2008,333267
11/13/2004,333457
11/13/2004,333575
11/13/2004,333603
9/25/2008,333842
11/13/2004,333865
11/13/2004,334014
9/25/2008,334028
11/13/2004,334294
11/13/2004,334471
11/13/2004,334523
8/1/2000,334694
9/25/2008,335038
11/13/2004,335142
11/13/2004,335225
11/13/2004,335583
11/13/2004,335751
9/25/2008,335829
9/25/2008,336055
11/13/2004,336118
11/13/2004,336488
11/13/2004,336670
11/13/2004,336998
9/25/2008,337156
9/25/2008,337195
11/13/2004,337584
11/13/2004,338115
11/13/2004,338188
11/13/2004,338260
9/25/2008,338324
11/13/2004,339136
11/13/2004,339389
11/13/2004,339513
11/13/2004,339562
10/1/2006,339777
11/13/2004,339956
11/13/2004,340192
9/25/2008,340264
11/13/2004,340882
9/25/2008,340922
9/25/2008,341103
11/13/2004,341134
10/1/2006,341206
9/25/2008,341485
11/13/2004,341974
9/25/2008,342037
10/1/2006,342554
11/13/2004,342611
11/13/2004,342680
9/25/2008,342839
9/25/2008,342957
11/13/2004,343016
11/13/2004,343103
11/13/2004,343188
11/13/2004,343399
6/20/1992,343507
9/25/2008,343727
9/25/2008,343908
11/13/2004,343911
9/25/2008,344002
9/25/2008,344350
10/1/2006,344410
9/25/2008,344513
11/13/2004,344974
9/25/2008,345418
9/25/2008,345738
11/13/2004,345781
11/13/2004,345881
10/1/2006,346098
9/25/2008,346249
11/13/2004,346427
9/25/2008,346545
10/1/2006,346897
12/1/1996,346906
9/25/2008,346995
11/13/2004,347030
9/25/2008,347171
11/13/2004,347446
10/1/2006,347496
9/25/2008,347757
9/25/2008,347774
11/13/2004,347975
9/25/2008,348156
11/13/2004,348228
11/13/2004,348472
9/25/2008,348627
9/25/2008,348719
9/25/2008,348777
11/13/2004,348977
10/1/2006,349072
11/13/2004,349103
9/25/2008,349115
11/13/2004,349247
11/13/2004,349299
9/25/2008,349844
9/25/2008,349910
11/13/2004,349952
11/13/2004,350998
9/25/2008,351347
11/13/2004,351862
9/25/2008,351869
11/13/2004,351929
9/25/2008,352040
6/20/1992,352122
6/20/1992,352469
11/13/2004,352744
8/1/2000,352814
11/13/2004,352927
11/13/2004,352967
9/25/2008,353381
9/25/2008,353560
9/25/2008,353781
10/1/2006,353968
11/13/2004,354243
11/13/2004,354363
11/13/2004,354411
9/25/2008,354760
10/1/2006,354860
11/13/2004,354862
11/13/2004,354884
11/13/2004,355033
11/13/2004,355215
9/25/2008,355221
9/25/2008,355465
9/25/2008,355622
9/25/2008,356065
11/13/2004,356176
11/13/2004,356682
10/1/2006,357233
10/1/2006,357474
10/1/2006,357482
10/1/2006,357798
11/13/2004,357984
11/13/2004,358393
11/13/2004,358454
11/13/2004,358467
9/25/2008,358513
9/25/2008,358553
9/25/2008,358770
11/13/2004,359178
11/13/2004,359378
9/25/2008,359463
11/13/2004,359468
9/25/2008,359572
11/13/2004,359670
10/1/2006,360196
11/13/2004,360331
9/25/2008,360447
11/13/2004,361475
11/13/2004,361993
10/1/2006,361995
9/25/2008,362036
9/25/2008,362222
9/25/2008,362696
9/25/2008,363697
11/13/2004,363834
11/13/2004,364271
10/1/2006,364958
9/25/2008,365299
10/1/2006,365798
11/13/2004,365878
11/13/2004,366086
11/13/2004,366444
11/13/2004,366830
11/13/2004,366994
9/25/2008,367025
11/13/2004,367099
9/25/2008,367171
11/13/2004,367231
11/13/2004,367537
11/13/2004,367676
10/1/2006,367723
11/13/2004,368018
11/13/2004,368535
11/13/2004,368636
11/13/2004,368683
11/13/2004,368855
11/13/2004,368923
11/13/2004,368968
9/25/2008,369054
11/13/2004,369111
9/25/2008,369455
9/25/2008,369654
10/1/2006,369763
11/13/2004,369869
11/13/2004,369953
11/13/2004,370036
7/14/1996,370400
11/13/2004,370419
9/25/2008,370599
9/25/2008,370725
11/13/2004,370725
11/13/2004,370756
9/25/2008,370790
11/13/2004,370919
11/13/2004,371081
11/13/2004,371209
11/13/2004,371221
11/13/2004,371259
11/13/2004,371404
9/25/2008,371451
9/25/2008,371465
9/25/2008,371647
9/25/2008,371797
11/13/2004,371996
11/13/2004,372376
9/25/2008,372477
9/25/2008,372609
11/13/2004,372726
11/13/2004,373625
9/25/2008,373666
9/25/2008,373700
11/13/2004,373730
11/13/2004,373908
11/13/2004,373969
9/25/2008,373979
11/13/2004,374254
11/13/2004,374330
10/1/2006,374670
11/13/2004,374676
9/25/2008,374755
11/13/2004,375547
9/25/2008,376062
11/13/2004,376208
11/13/2004,376283
9/25/2008,376369
9/25/2008,376625
11/13/2004,376800
9/25/2008,376815
7/14/1996,377076
11/13/2004,377718
9/25/2008,377969
11/13/2004,377980
9/25/2008,378138
9/25/2008,378500
9/25/2008,378582
10/1/2006,378586
11/13/2004,378775
10/1/2006,379131
11/13/2004,379181
10/1/2006,379863
11/13/2004,379948
9/25/2008,379957
9/25/2008,380036
9/25/2008,380037
9/25/2008,380315
10/1/2006,380334
9/25/2008,380361
7/14/1996,380486
11/13/2004,380728
11/13/2004,380842
9/25/2008,380863
9/25/2008,381065
11/13/2004,381606
11/13/2004,381607
11/13/2004,382220
11/13/2004,383775
11/13/2004,383864
9/25/2008,383880
11/13/2004,383893
8/1/2000,383921
10/1/2006,384233
10/1/2006,384303
11/13/2004,384620
11/13/2004,384776
9/25/2008,385054
11/13/2004,385058
9/25/2008,385080
10/1/2006,385307
9/25/2008,385418
9/25/2008,385671
11/13/2004,385821
11/13/2004,385893
11/13/2004,386136
9/25/2008,386190
7/14/1996,386470
11/13/2004,386803
10/1/2006,386971
11/13/2004,387587
11/13/2004,387650
10/1/2006,387849
9/25/2008,387931
11/13/2004,388368
11/13/2004,388486
11/13/2004,388557
11/13/2004,388608
9/25/2008,388783
9/25/2008,388975
11/13/2004,389002
9/25/2008,389214
11/13/2004,389340
9/25/2008,389717
11/13/2004,389718
9/25/2008,389955
10/1/2006,390184
11/13/2004,390550
10/1/2006,391002
11/13/2004,391142
9/25/2008,391183
11/13/2004,391632
11/13/2004,391639
11/13/2004,391655
9/25/2008,391677
11/13/2004,392498
11/13/2004,392798
11/13/2004,393072
11/13/2004,393645
11/13/2004,393726
9/25/2008,393818
11/13/2004,394022
9/25/2008,394246
9/25/2008,394268
11/13/2004,394307
9/25/2008,394572
11/13/2004,394664
11/13/2004,394709
11/13/2004,394738
9/25/2008,394788
9/25/2008,395329
11/13/2004,395787
8/1/2000,395913
9/25/2008,396051
11/13/2004,396482
11/13/2004,396507
11/13/2004,396582
10/1/2006,396707
9/25/2008,396790
11/13/2004,397188
9/25/2008,397346
9/25/2008,397440
9/25/2008,397812
10/1/2006,397875
11/13/2004,397989
8/1/2000,398105
11/13/2004,398175
10/1/2006,398256
11/13/2004,398499
9/25/2008,398527
9/25/2008,398580
9/25/2008,398945
11/13/2004,399210
10/1/2006,399238
9/25/2008,399467
6/20/1992,400000
9/25/2008,400109
9/25/2008,400174
10/1/2006,400225
11/13/2004,400359
11/13/2004,401037
11/13/2004,401132
11/13/2004,401157
9/25/2008,401271
9/25/2008,401554
10/1/2006,401560
9/25/2008,401959
11/13/2004,402255
11/13/2004,402433
9/25/2008,402748
11/13/2004,402854
11/13/2004,403029
9/25/2008,403066
11/13/2004,403750
11/13/2004,403855
7/14/1996,403898
9/25/2008,403981
11/13/2004,404101
9/25/2008,404250
11/13/2004,404313
11/13/2004,404829
10/1/2006,404963
9/25/2008,405191
9/25/2008,405408
11/13/2004,405514
11/13/2004,405649
9/25/2008,406069
9/25/2008,406316
11/13/2004,406389
11/13/2004,406614
9/25/2008,407516
9/25/2008,408020
9/25/2008,408099
11/13/2004,408102
11/13/2004,408611
11/13/2004,409372
8/1/2000,409603
11/13/2004,409820
9/25/2008,409942
10/1/2006,410149
11/13/2004,410365
11/13/2004,410419
10/1/2006,410603
9/25/2008,410655
11/13/2004,410718
9/25/2008,410739
11/13/2004,411216
9/25/2008,411386
11/13/2004,411426
11/13/2004,411606
9/25/2008,411799
11/13/2004,411913
11/13/2004,411947
11/13/2004,412171
6/20/1992,412277
11/13/2004,412373
11/13/2004,412663
11/13/2004,413686
9/25/2008,414167
7/14/1996,414472
9/25/2008,414636
9/25/2008,414675
9/25/2008,414677
9/25/2008,415255
11/13/2004,415277
11/13/2004,415449
9/25/2008,415465
9/25/2008,415686
9/25/2008,416734
11/13/2004,416829
11/13/2004,416939
11/13/2004,417197
10/1/2006,417606
11/13/2004,417611
9/25/2008,417944
11/13/2004,418303
9/25/2008,418447
11/13/2004,418493
11/13/2004,418677
9/25/2008,418679
11/13/2004,418920
11/13/2004,419462
11/13/2004,419554
9/25/2008,420751
11/13/2004,420781
11/13/2004,421376
9/25/2008,422105
11/13/2004,422516
9/25/2008,422546
9/25/2008,422713
11/13/2004,423021
11/13/2004,423383
10/1/2006,423572
11/13/2004,424029
9/25/2008,424455
9/25/2008,424623
9/25/2008,425025
9/25/2008,425045
9/25/2008,425190
11/13/2004,425642
9/25/2008,425692
6/20/1992,425859
9/25/2008,425955
9/25/2008,426554
11/13/2004,426582
9/25/2008,426883
9/25/2008,427335
9/25/2008,427384
9/25/2008,427469
9/25/2008,427841
11/13/2004,428378
9/25/2008,428965
9/25/2008,429097
9/25/2008,429348
9/25/2008,429359
9/25/2008,429444
10/1/2006,429673
11/13/2004,429764
11/13/2004,429799
11/13/2004,430053
11/13/2004,430293
11/13/2004,430366
11/13/2004,430506
11/13/2004,431458
11/13/2004,432345
7/14/1996,433062
9/25/2008,433176
9/25/2008,433183
10/1/2006,433289
11/13/2004,433802
11/13/2004,433827
11/13/2004,434198
9/25/2008,434214
11/13/2004,434664
11/13/2004,434760
7/14/1996,435142
11/13/2004,435187
9/25/2008,435454
9/25/2008,435875
7/14/1996,435895
11/13/2004,435897
9/25/2008,436084
9/25/2008,436200
9/25/2008,436211
9/25/2008,436290
11/13/2004,436655
9/25/2008,437059
9/25/2008,437785
11/13/2004,437821
11/13/2004,438685
11/13/2004,438777
10/1/2006,438784
9/25/2008,439172
11/13/2004,439238
9/25/2008,439279
11/13/2004,439422
11/13/2004,439959
9/25/2008,440034
8/1/2000,440131
10/1/2006,440154
9/25/2008,440335
11/13/2004,440419
9/25/2008,440900
9/25/2008,441543
11/13/2004,441602
11/13/2004,441852
11/13/2004,442150
11/13/2004,442244
9/25/2008,442321
11/13/2004,442604
11/13/2004,443467
9/25/2008,443476
9/25/2008,443713
9/25/2008,443752
9/25/2008,443950
9/25/2008,444135
11/13/2004,444667
11/13/2004,444784
9/25/2008,444814
9/25/2008,444843
11/13/2004,445036
11/13/2004,445307
10/1/2006,445329
9/25/2008,445370
9/25/2008,445805
9/25/2008,446668
9/25/2008,447526
11/13/2004,447667
11/13/2004,447823
9/25/2008,447863
11/13/2004,447932
9/25/2008,448209
11/13/2004,448661
11/13/2004,448834
11/13/2004,448948
9/25/2008,449312
9/25/2008,449662
9/25/2008,449940
10/1/2006,450317
11/13/2004,450635
9/25/2008,450816
9/25/2008,450878
9/25/2008,451073
9/25/2008,451329
11/13/2004,451611
11/13/2004,451749
9/25/2008,451960
11/13/2004,452021
11/13/2004,452053
9/25/2008,452079
11/13/2004,452354
9/25/2008,453118
11/13/2004,453190
9/25/2008,453633
7/14/1996,454651
7/14/1996,454664
11/13/2004,454938
11/13/2004,455136
9/25/2008,455499
11/13/2004,456177
9/25/2008,456211
11/13/2004,456257
11/13/2004,456507
8/1/2000,457187
9/25/2008,457459
11/13/2004,457833
9/25/2008,457976
10/1/2006,458169
11/13/2004,458957
9/25/2008,459037
9/25/2008,459189
11/13/2004,459327
11/13/2004,459951
9/25/2008,460092
9/25/2008,460136
11/13/2004,460167
10/1/2006,460368
11/13/2004,460421
11/13/2004,461307
9/25/2008,461864
11/13/2004,462329
11/13/2004,462365
11/13/2004,462462
6/20/1992,462945
11/13/2004,462968
9/25/2008,463093
11/13/2004,463633
11/13/2004,463666
9/25/2008,463696
9/25/2008,463849
9/25/2008,464199
9/25/2008,464415
10/1/2006,465199
11/13/2004,465393
11/13/2004,465564
11/13/2004,465922
11/13/2004,466835
9/25/2008,467057
9/25/2008,467293
7/14/1996,468309
8/1/2000,468471
10/1/2006,468626
9/25/2008,468659
9/25/2008,468704
10/1/2006,468917
11/13/2004,468995
10/1/2006,469276
9/25/2008,469470
9/25/2008,469515
11/13/2004,469853
9/25/2008,470047
10/1/2006,470677
9/25/2008,470681
9/25/2008,470714
11/13/2004,470714
9/25/2008,471020
10/1/2006,471595
11/13/2004,472222
9/25/2008,472282
6/20/1992,472590
9/25/2008,472654
11/13/2004,472839
9/25/2008,472956
9/25/2008,472984
9/25/2008,473262
11/13/2004,473323
11/13/2004,473327
10/1/2006,473413
6/20/1992,473579
9/25/2008,474534
11/13/2004,474751
11/13/2004,474935
9/25/2008,474960
9/25/2008,475676
9/25/2008,476186
11/13/2004,476203
9/25/2008,476472
10/1/2006,476582
9/25/2008,476921
9/25/2008,477115
11/13/2004,477166
11/13/2004,477187
11/13/2004,477432
11/13/2004,477436
9/25/2008,477802
9/25/2008,478257
11/13/2004,478840
11/13/2004,478893
9/25/2008,479436
9/25/2008,479767
11/13/2004,479774
9/25/2008,480127
11/13/2004,480382
11/13/2004,480631
11/13/2004,480710
11/13/2004,481352
10/1/2006,481594
11/13/2004,481815
11/13/2004,481819
9/25/2008,482193
12/1/1996,482248
11/13/2004,483058
11/13/2004,483059
10/1/2006,483085
11/13/2004,483221
9/25/2008,483311
11/13/2004,483821
9/25/2008,483926
11/13/2004,484225
9/25/2008,484572
11/13/2004,484593
11/13/2004,484614
9/25/2008,484821
10/1/2006,485384
11/13/2004,486576
11/13/2004,486682
11/13/2004,486746
9/25/2008,487034
9/25/2008,487208
9/25/2008,487330
11/13/2004,487487
11/13/2004,487769
9/25/2008,487823
11/13/2004,488109
9/25/2008,488506
11/13/2004,488808
10/1/2006,489199
11/13/2004,489963
9/25/2008,490169
11/13/2004,490362
11/13/2004,490443
9/25/2008,490458
11/13/2004,490463
12/1/1996,490763
11/13/2004,490793
9/25/2008,490987
9/25/2008,491105
11/13/2004,491240
11/13/2004,491374
10/1/2006,492340
11/13/2004,492707
11/13/2004,493030
6/20/1992,493768
10/1/2006,494525
8/1/2000,494716
9/25/2008,495025
11/13/2004,495427
10/1/2006,495435
9/25/2008,495580
9/25/2008,495699
11/13/2004,495831
11/13/2004,495897
9/25/2008,496249
9/25/2008,496531
9/25/2008,496708
9/25/2008,497269
11/13/2004,497559
9/25/2008,497695
11/13/2004,498254
9/25/2008,498333
11/13/2004,499089
11/13/2004,499284
9/25/2008,499397
11/13/2004,499437
9/25/2008,499712
10/1/2006,499806
9/25/2008,500320
8/1/2000,500511
9/25/2008,500572
10/1/2006,500791
11/13/2004,501429
9/25/2008,501442
9/25/2008,501470
11/13/2004,501924
9/25/2008,502469
11/13/2004,502615
11/13/2004,502839
8/1/2000,502852
9/25/2008,502875
12/1/1996,502973
11/13/2004,503312
11/13/2004,503547
9/25/2008,503772
11/13/2004,504089
11/13/2004,504480
11/13/2004,504638
9/25/2008,505907
11/13/2004,506582
9/25/2008,506586
11/13/2004,506597
9/25/2008,506727
10/1/2006,506967
11/13/2004,507468
9/25/2008,507588
11/13/2004,507872
9/25/2008,508075
11/13/2004,509175
10/1/2006,509377
11/13/2004,509645
9/25/2008,509857
11/13/2004,510720
11/13/2004,511049
9/25/2008,511316
9/25/2008,511421
10/1/2006,511741
9/25/2008,511874
11/13/2004,511986
7/14/1996,512478
9/25/2008,512541
11/13/2004,512781
9/25/2008,513069
10/1/2006,513238
9/25/2008,513312
9/25/2008,513495
9/25/2008,513591
11/13/2004,513889
9/25/2008,515181
11/13/2004,515707
11/13/2004,516043
11/13/2004,517047
9/25/2008,517600
11/13/2004,517923
11/13/2004,517983
8/1/2000,518851
9/25/2008,518880
8/1/2000,519157
11/13/2004,519160
11/13/2004,519346
11/13/2004,519413
9/25/2008,519493
9/25/2008,519647
9/25/2008,520033
10/1/2006,520233
9/25/2008,520339
11/13/2004,520430
9/25/2008,520469
9/25/2008,520631
11/13/2004,520858
11/13/2004,521027
9/25/2008,521298
9/25/2008,522062
11/13/2004,522099
10/1/2006,522356
7/14/1996,522377
9/25/2008,522463
11/13/2004,523240
9/25/2008,524355
11/13/2004,525031
7/14/1996,525095
9/25/2008,525122
9/25/2008,525214
9/25/2008,525465
9/25/2008,525652
11/13/2004,525694
9/25/2008,526794
11/13/2004,527077
9/25/2008,527267
11/13/2004,527465
9/25/2008,527593
9/25/2008,528202
9/25/2008,528292
11/13/2004,528323
11/13/2004,528725
9/25/2008,529784
11/13/2004,530779
9/25/2008,531369
7/14/1996,532031
11/13/2004,533175
11/13/2004,533368
11/13/2004,533744
7/14/1996,533759
9/25/2008,533830
9/25/2008,534151
9/25/2008,534693
3/13/1992,535247
11/13/2004,536160
9/25/2008,536200
10/1/2006,537079
9/25/2008,537161
11/13/2004,537182
11/13/2004,537193
10/1/2006,537373
9/25/2008,537374
7/14/1996,537663
9/25/2008,538754
9/25/2008,540056
9/25/2008,540069
9/25/2008,541026
11/13/2004,541263
9/25/2008,541470
9/25/2008,541746
10/1/2006,542137
7/14/1996,542418
9/25/2008,542490
11/13/2004,542818
11/13/2004,542980
11/13/2004,543215
11/13/2004,543832
11/13/2004,544084
11/13/2004,544797
7/14/1996,544961
9/25/2008,545099
10/1/2006,545875
9/25/2008,546295
11/13/2004,546595
9/25/2008,546951
9/25/2008,547013
11/13/2004,547044
11/13/2004,547668
9/25/2008,548308
11/13/2004,548485
11/13/2004,548933
9/25/2008,549079
10/1/2006,549764
11/13/2004,550489
11/13/2004,550991
10/1/2006,551309
10/1/2006,553165
9/25/2008,553527
9/25/2008,553976
11/13/2004,554792
9/25/2008,555496
11/13/2004,555852
9/25/2008,555932
9/25/2008,556240
6/20/1992,556638
9/25/2008,556666
11/13/2004,557463
10/1/2006,558055
11/13/2004,558061
11/13/2004,558072
9/25/2008,558092
9/25/2008,558333
9/25/2008,558339
11/13/2004,558666
7/14/1996,558782
10/1/2006,559075
11/13/2004,559179
9/25/2008,559970
9/25/2008,560286
9/25/2008,560575
9/25/2008,560918
9/25/2008,561740
9/25/2008,561810
8/1/2000,561953
9/25/2008,562001
9/25/2008,562267
9/25/2008,563126
9/25/2008,563525
8/1/2000,563858
11/13/2004,564752
9/25/2008,564783
9/25/2008,564848
11/13/2004,565060
11/13/2004,565475
9/25/2008,566350
9/25/2008,566719
9/25/2008,567006
11/13/2004,567176
10/1/2006,567294
11/13/2004,567457
11/13/2004,567631
9/25/2008,567659
11/13/2004,567988
9/25/2008,568089
7/14/1996,568458
11/13/2004,568494
11/13/2004,568912
9/25/2008,569055
9/25/2008,569212
9/25/2008,569251
11/13/2004,569322
11/13/2004,569489
11/13/2004,569731
9/25/2008,569784
9/25/2008,570343
9/25/2008,570344
11/13/2004,570453
11/13/2004,571401
9/25/2008,571417
11/13/2004,572150
11/13/2004,572221
9/25/2008,572462
11/13/2004,572582
8/1/2000,572988
11/13/2004,573082
9/25/2008,573769
9/25/2008,573785
11/13/2004,573855
9/25/2008,574156
11/13/2004,574203
11/13/2004,574205
10/1/2006,574727
10/1/2006,574946
11/13/2004,575531
12/1/1996,575552
9/25/2008,576129
10/1/2006,576317
11/13/2004,576405
9/25/2008,576416
11/13/2004,576579
11/13/2004,576609
9/25/2008,576689
9/25/2008,577519
7/14/1996,579151
9/25/2008,579441
11/13/2004,579716
9/25/2008,580396
10/1/2006,580440
9/25/2008,580548
11/13/2004,580926
11/13/2004,581151
9/25/2008,581375
10/1/2006,581738
9/25/2008,581940
10/1/2006,582108
9/25/2008,582617
11/13/2004,582810
11/13/2004,582989
9/25/2008,583568
9/25/2008,584140
9/25/2008,584704
9/25/2008,584942
11/13/2004,585029
9/25/2008,585432
11/13/2004,585568
8/1/2000,585674
10/1/2006,585935
11/13/2004,586017
11/13/2004,586720
8/1/2000,587102
9/25/2008,587358
11/13/2004,587844
9/25/2008,587913
11/13/2004,588547
11/13/2004,589403
11/13/2004,589617
9/25/2008,589990
11/13/2004,590045
10/1/2006,590053
9/25/2008,590062
9/25/2008,590078
9/25/2008,590344
9/25/2008,590469
11/13/2004,590487
9/25/2008,590727
9/25/2008,590794
9/25/2008,591007
9/25/2008,591278
9/25/2008,591452
11/13/2004,591582
11/13/2004,592054
11/13/2004,592904
9/25/2008,593081
8/1/2000,593098
10/1/2006,593340
9/25/2008,593767
9/25/2008,593955
11/13/2004,593977
11/13/2004,593983
11/13/2004,594148
9/25/2008,594947
9/25/2008,595869
11/13/2004,596437
9/25/2008,596705
10/1/2006,598671
10/1/2006,598960
9/25/2008,599256
11/13/2004,599323
9/25/2008,599358
9/25/2008,599433
11/13/2004,599611
11/13/2004,599929
9/25/2008,600280
9/25/2008,600290
9/25/2008,600299
9/25/2008,600966
9/25/2008,601177
7/14/1996,601857
9/25/2008,602046
11/13/2004,602732
9/25/2008,603189
9/25/2008,603403
9/25/2008,603579
12/1/1996,603855
11/13/2004,604070
11/13/2004,605522
9/25/2008,605702
9/25/2008,605933
11/13/2004,605971
9/25/2008,606111
11/13/2004,606641
9/25/2008,606841
9/25/2008,607751
9/25/2008,607877
10/1/2006,608157
9/25/2008,608782
10/1/2006,609012
9/25/2008,609287
9/25/2008,609772
11/13/2004,610681
9/25/2008,610987
11/13/2004,611042
11/13/2004,611053
11/13/2004,611640
11/13/2004,611924
10/1/2006,611977
11/13/2004,612297
11/13/2004,612319
9/25/2008,612698
9/25/2008,612944
9/25/2008,613253
9/25/2008,613407
9/25/2008,613464
9/25/2008,613726
10/1/2006,614006
11/13/2004,614479
9/25/2008,614992
7/14/1996,615502
11/13/2004,615674
6/20/1992,615726
9/25/2008,615887
9/25/2008,617205
11/13/2004,617301
7/14/1996,617325
10/1/2006,617370
9/25/2008,617428
9/25/2008,617709
11/13/2004,617987
9/25/2008,618145
9/25/2008,618163
9/25/2008,618625
11/13/2004,618699
9/25/2008,618975
9/25/2008,619375
11/13/2004,619548
11/13/2004,619789
11/13/2004,621771
9/25/2008,622280
9/25/2008,622625
9/25/2008,623179
7/14/1996,623289
10/1/2006,624549
9/25/2008,624671
9/25/2008,624976
11/13/2004,625734
11/13/2004,626745
10/1/2006,626964
11/13/2004,627005
11/13/2004,627106
11/13/2004,627141
9/25/2008,627186
10/1/2006,627246
9/25/2008,627511
11/13/2004,628573
11/13/2004,628658
9/25/2008,628738
11/13/2004,628896
9/25/2008,629219
9/25/2008,629222
9/25/2008,629790
11/13/2004,629963
6/20/1992,630024
9/25/2008,630212
11/13/2004,630330
9/25/2008,630337
10/1/2006,630494
11/13/2004,631191
11/13/2004,631602
11/13/2004,632698
9/25/2008,632990
11/13/2004,633114
9/25/2008,633689
9/25/2008,633986
9/25/2008,634368
7/14/1996,635517
9/25/2008,635577
9/25/2008,635631
9/25/2008,636076
7/14/1996,636935
9/25/2008,637160
9/25/2008,637385
11/13/2004,638160
11/13/2004,638241
10/1/2006,638326
9/25/2008,638632
11/13/2004,639322
11/13/2004,639521
10/1/2006,639702
9/25/2008,639741
9/25/2008,639797
1/18/1975,639886
9/25/2008,639890
9/25/2008,640326
11/13/2004,641215
11/13/2004,641959
9/25/2008,642250
9/25/2008,642526
11/13/2004,642566
9/25/2008,642681
9/25/2008,643152
11/13/2004,643322
9/25/2008,643849
11/13/2004,644704
9/25/2008,646007
9/25/2008,647482
9/25/2008,647842
9/25/2008,648930
9/25/2008,649260
10/1/2006,649833
10/1/2006,649897
11/13/2004,649979
11/13/2004,650420
9/25/2008,650465
11/13/2004,651636
9/25/2008,651680
11/13/2004,652454
10/1/2006,652552
9/25/2008,652873
10/1/2006,653349
9/25/2008,653388
11/13/2004,653580
9/25/2008,653730
11/13/2004,654029
9/25/2008,654354
9/25/2008,654820
9/25/2008,655109
11/13/2004,655152
9/25/2008,655247
11/13/2004,656047
11/13/2004,656615
10/1/2006,656712
11/13/2004,656719
9/25/2008,656738
11/13/2004,656742
11/13/2004,657161
9/25/2008,657786
11/13/2004,658036
9/25/2008,658086
7/14/1996,658756
9/25/2008,659164
9/25/2008,659647
11/13/2004,659678
11/13/2004,659760
9/25/2008,659795
11/13/2004,659797
11/13/2004,660011
11/13/2004,660203
9/25/2008,660508
9/25/2008,660622
8/1/2000,661042
9/25/2008,661070
9/25/2008,661710
11/13/2004,661776
11/13/2004,661952
11/13/2004,662090
9/25/2008,662680
9/25/2008,664352
9/25/2008,664818
9/25/2008,665666
11/13/2004,666230
9/25/2008,666466
10/26/1981,666610
9/25/2008,666622
9/25/2008,666976
11/13/2004,667012
9/25/2008,667260
9/25/2008,667338
9/25/2008,667450
11/13/2004,667511
7/14/1996,668088
11/13/2004,668185
11/13/2004,668205
9/25/2008,668237
9/25/2008,668841
11/13/2004,669192
9/25/2008,670165
9/25/2008,670349
11/13/2004,672038
12/1/1996,672142
9/25/2008,672758
9/25/2008,673104
11/13/2004,673263
9/25/2008,674173
11/13/2004,674535
11/13/2004,674551
11/13/2004,674574
9/25/2008,674776
11/13/2004,674853
11/13/2004,675332
11/13/2004,676181
9/25/2008,676823
7/14/1996,676873
9/25/2008,676933
9/25/2008,676941
9/25/2008,677850
11/13/2004,678150
10/1/2006,678610
11/13/2004,678793
9/25/2008,679001
8/1/2000,679080
9/25/2008,679435
9/25/2008,679904
11/13/2004,680071
11/13/2004,680236
9/25/2008,680639
9/25/2008,681044
9/25/2008,681094
9/25/2008,682150
9/25/2008,682516
11/13/2004,683773
7/14/1996,683798
9/25/2008,683853
9/25/2008,683895
11/13/2004,684237
9/25/2008,684865
11/13/2004,686067
11/13/2004,686555
9/25/2008,686858
8/1/2000,687217
11/13/2004,687343
9/25/2008,688252
11/10/1975,688740
9/25/2008,689788
10/1/2006,690119
8/1/2000,690245
11/13/2004,690375
1/18/1975,690381
9/25/2008,690865
9/25/2008,690895
11/13/2004,691093
11/13/2004,691356
11/13/2004,691723
9/25/2008,692755
8/1/2000,692970
10/1/2006,693910
9/25/2008,695656
7/14/1996,696842
10/1/2006,698107
11/13/2004,698190
9/25/2008,698270
11/13/2004,698757
11/13/2004,699194
9/25/2008,699504
9/25/2008,700718
11/13/2004,701291
9/25/2008,701613
9/25/2008,701776
9/25/2008,702226
9/25/2008,702677
9/25/2008,702736
11/13/2004,703020
11/13/2004,703642
11/13/2004,704514
9/25/2008,704936
9/25/2008,705932
9/25/2008,706813
9/25/2008,707381
9/25/2008,707982
9/25/2008,709885
11/13/2004,710960
11/13/2004,711094
11/13/2004,711396
12/1/1996,711409
9/25/2008,711895
11/13/2004,713120
9/25/2008,713297
9/25/2008,713353
9/25/2008,713994
9/25/2008,714214
11/13/2004,716912
7/14/1996,717314
10/1/2006,717997
11/13/2004,718455
10/1/2006,719289
8/1/2000,719473
10/1/2006,719622
9/25/2008,719752
9/25/2008,720184
11/13/2004,720281
9/25/2008,720302
11/13/2004,720802
9/25/2008,721034
9/25/2008,721451
9/25/2008,721723
11/13/2004,721783
11/13/2004,722232
9/25/2008,723202
9/25/2008,723838
11/13/2004,723997
11/13/2004,724142
9/25/2008,724563
9/25/2008,724713
9/25/2008,725061
10/1/2006,726439
11/13/2004,726580
9/25/2008,727441
8/1/2000,727447
9/25/2008,728651
9/25/2008,729447
11/13/2004,729526
9/25/2008,730170
9/25/2008,730800
11/13/2004,730840
9/25/2008,731441
10/1/2006,731513
9/25/2008,733242
9/25/2008,733683
9/25/2008,733738
11/13/2004,735087
9/25/2008,737651
9/25/2008,737719
11/13/2004,738987
11/13/2004,740538
9/25/2008,740685
9/25/2008,740753
9/25/2008,740760
9/25/2008,740771
11/13/2004,742197
9/25/2008,742212
9/25/2008,742506
11/13/2004,742664
6/20/1992,742893
9/25/2008,743719
9/25/2008,743724
11/13/2004,743916
9/25/2008,744510
9/25/2008,744844
8/1/2000,745663
11/13/2004,745670
9/25/2008,747174
9/25/2008,747773
11/13/2004,747809
11/13/2004,747812
9/25/2008,748388
11/13/2004,748651
9/25/2008,749181
11/13/2004,750245
9/25/2008,750618
11/13/2004,751446
9/25/2008,752156
11/13/2004,752336
10/1/2006,752408
9/25/2008,753510
9/25/2008,753693
11/13/2004,753964
11/13/2004,754441
9/25/2008,755321
9/25/2008,755796
9/25/2008,756027
9/25/2008,756874
11/13/2004,757438
6/20/1992,757827
11/13/2004,758109
9/25/2008,758307
8/1/2000,758479
11/13/2004,758997
11/13/2004,759464
6/20/1992,759950
9/25/2008,760255
9/25/2008,760929
9/25/2008,762179
9/25/2008,762459
11/13/2004,762601
11/13/2004,763006
9/25/2008,763349
1/18/1975,763639
11/13/2004,764427
11/13/2004,764462
9/25/2008,765205
11/13/2004,766130
11/13/2004,766212
11/13/2004,767727
8/1/2000,768540
9/25/2008,769411
9/25/2008,769557
11/13/2004,770412
11/13/2004,770478
11/13/2004,771131
11/13/2004,771676
6/20/1992,771677
9/25/2008,771695
11/13/2004,771710
11/13/2004,771757
9/25/2008,771910
11/13/2004,772244
11/13/2004,772293
9/25/2008,772729
11/13/2004,772881
11/13/2004,773423
11/13/2004,774118
11/13/2004,774145
11/13/2004,774709
9/25/2008,775084
8/1/2000,776659
10/1/2006,776747
11/13/2004,777010
9/25/2008,777026
7/14/1996,777075
9/25/2008,778345
9/25/2008,778510
11/13/2004,780045
11/13/2004,780309
9/25/2008,781296
9/25/2008,781609
11/13/2004,782639
11/13/2004,782688
9/25/2008,783020
11/13/2004,783058
9/25/2008,783648
11/13/2004,783910
9/25/2008,784933
9/25/2008,785412
11/13/2004,785482
9/25/2008,787289
6/20/1992,787317
9/25/2008,787519
9/25/2008,787603
11/13/2004,787659
9/25/2008,788094
9/25/2008,788365
11/13/2004,788585
9/25/2008,788683
9/25/2008,788926
11/13/2004,789386
7/14/1996,789493
11/13/2004,790020
11/13/2004,790472
9/25/2008,790568
9/25/2008,791693
7/14/1996,791704
11/13/2004,792517
11/13/2004,794042
11/13/2004,794081
9/25/2008,794396
9/25/2008,795334
9/25/2008,795896
11/13/2004,796172
11/13/2004,799247
11/13/2004,799297
9/25/2008,799722
11/13/2004,799836
9/25/2008,800244
9/25/2008,800498
9/25/2008,800883
7/14/1996,801932
7/14/1996,802247
11/13/2004,802513
11/13/2004,803099
11/13/2004,803230
11/13/2004,804001
10/1/2006,804078
11/13/2004,804139
9/25/2008,805855
10/1/2006,806040
9/25/2008,807175
6/20/1992,808488
10/1/2006,809239
11/13/2004,809279
9/25/2008,810104
11/13/2004,810474
9/25/2008,811079
9/25/2008,811137
8/1/2000,811198
11/13/2004,811500
9/25/2008,811985
11/13/2004,812267
7/14/1996,812638
9/25/2008,812856
11/13/2004,812894
8/1/2000,814059
11/13/2004,815415
7/14/1996,816210
7/14/1996,817039
9/25/2008,817119
9/25/2008,817509
6/20/1992,817518
9/25/2008,818744
9/25/2008,818909
11/13/2004,818959
11/13/2004,819149
1/18/1975,819186
9/25/2008,819214
11/13/2004,819840
11/13/2004,819982
8/1/2000,820248
9/25/2008,820824
9/25/2008,821231
9/25/2008,821246
9/25/2008,821905
12/1/1996,822250
6/20/1992,822252
7/14/1996,822720
9/25/2008,823015
9/25/2008,823114
9/25/2008,823553
9/25/2008,824115
11/13/2004,825653
11/13/2004,825842
11/13/2004,826299
11/13/2004,826849
9/25/2008,828176
9/25/2008,828241
9/25/2008,829401
9/25/2008,829417
11/13/2004,830115
11/13/2004,830845
6/20/1992,833338
11/13/2004,834124
9/25/2008,834247
11/13/2004,835446
11/13/2004,836129
11/13/2004,836373
9/25/2008,837453
9/25/2008,838034
9/25/2008,838527
7/14/1996,838594
9/25/2008,838849
1/18/1975,839973
8/1/2000,840112
9/25/2008,840346
9/25/2008,840640
12/1/1996,841922
11/13/2004,843329
9/25/2008,844052
11/13/2004,844560
9/25/2008,844969
11/13/2004,845083
11/13/2004,845190
9/25/2008,845283
11/13/2004,846826
9/25/2008,846943
9/25/2008,847365
7/14/1996,848327
9/25/2008,849171
11/13/2004,849590
9/25/2008,850006
8/1/2000,851005
9/25/2008,851006
10/1/2006,851417
8/1/2000,851441
11/13/2004,851638
10/1/2006,852369
9/25/2008,853204
11/13/2004,854575
9/25/2008,854601
1/18/1975,854624
6/20/1992,854693
11/13/2004,855802
9/25/2008,856027
9/25/2008,859208
11/13/2004,859364
11/13/2004,859507
11/13/2004,859821
7/14/1996,859961
11/13/2004,860015
11/13/2004,860991
11/13/2004,861044
9/25/2008,861792
11/13/2004,862281
8/1/2000,862324
11/13/2004,862468
9/25/2008,863200
7/14/1996,864842
9/25/2008,865688
11/13/2004,865955
11/13/2004,866020
9/25/2008,867283
11/13/2004,867368
11/13/2004,867822
6/20/1992,868401
9/25/2008,868529
11/13/2004,868738
11/13/2004,871679
7/14/1996,872497
9/25/2008,874856
11/13/2004,879576
11/13/2004,880493
12/1/1996,880597
11/13/2004,880997
7/14/1996,883295
9/25/2008,883796
11/13/2004,884086
8/1/2000,884684
7/14/1996,884764
9/25/2008,886086
9/25/2008,886547
9/25/2008,886904
9/25/2008,886979
11/8/1991,889433
11/13/2004,890095
11/13/2004,890104
11/13/2004,891901
9/25/2008,892810
9/25/2008,893024
10/1/2006,894631
11/13/2004,895374
9/25/2008,895608
9/25/2008,896044
11/13/2004,896461
9/25/2008,897295
11/13/2004,897692
7/14/1996,897716
11/13/2004,898307
11/13/2004,899532
7/14/1996,899859
11/13/2004,901503
7/14/1996,903842
8/1/2000,904735
10/1/2006,905007
11/13/2004,905137
11/13/2004,905185
9/25/2008,906621
9/25/2008,906912
7/14/1996,906918
9/25/2008,907643
9/25/2008,909071
11/13/2004,909348
11/13/2004,909835
9/25/2008,910139
9/25/2008,910200
11/13/2004,910903
9/25/2008,911802
9/25/2008,912443
9/25/2008,913487
9/25/2008,913554
11/13/2004,914254
11/13/2004,916157
6/20/1992,916439
9/25/2008,916624
9/25/2008,918047
9/25/2008,918311
8/1/2000,918615
11/13/2004,919008
9/25/2008,920397
11/13/2004,921859
10/1/2006,921934
11/13/2004,922064
9/25/2008,922074
11/13/2004,922959
11/13/2004,923517
11/13/2004,923647
11/13/2004,925349
11/13/2004,925568
9/25/2008,925810
4/1/1977,926330
6/20/1992,926603
11/13/2004,926793
9/25/2008,926991
9/25/2008,927169
7/14/1996,928157
11/13/2004,929335
9/25/2008,929926
11/13/2004,931054
9/25/2008,931913
11/13/2004,933863
7/14/1996,935138
11/13/2004,935208
11/13/2004,935989
1/18/1975,936359
9/25/2008,936857
9/25/2008,937847
10/1/2006,937901
9/25/2008,938212
9/25/2008,939342
9/25/2008,939749
6/20/1992,939917
9/25/2008,940447
7/14/1996,942045
11/13/2004,942553
9/25/2008,943999
9/25/2008,945258
9/25/2008,945264
9/25/2008,947390
7/14/1996,947778
9/25/2008,948388
11/13/2004,948967
1/18/1975,950349
11/13/2004,950425
9/25/2008,952637
11/13/2004,953249
11/13/2004,953640
9/25/2008,953790
11/13/2004,955824
11/13/2004,956421
11/13/2004,956507
8/1/2000,957497
11/13/2004,957724
9/25/2008,958729
9/25/2008,960738
11/13/2004,961644
9/25/2008,964234
9/25/2008,964792
1/18/1975,964835
9/25/2008,966699
11/13/2004,967133
11/13/2004,967386
11/13/2004,967548
9/25/2008,967858
11/13/2004,967908
9/25/2008,967979
11/13/2004,969226
9/25/2008,970168
9/25/2008,970333
9/25/2008,970818
9/25/2008,971539
11/13/2004,971899
7/14/1996,974369
6/20/1992,975151
9/25/2008,976401
9/25/2008,977313
11/13/2004,977618
11/13/2004,979159
9/25/2008,982189
11/13/2004,982465
7/14/1996,987121
9/25/2008,988576
9/25/2008,988948
7/14/1996,989110
8/1/2000,991998
6/20/1992,992328
10/1/2006,992380
9/25/2008,995892
11/13/2004,996195
9/25/2008,996426
9/25/2008,996831
9/25/2008,999475
6/20/1992,999932
9/25/2008,1000086
9/25/2008,1000267
6/20/1992,1001110
11/13/2004,1001340
11/13/2004,1002607
8/1/2000,1004688
9/25/2008,1006537
11/13/2004,1007527
9/25/2008,1007632
6/20/1992,1009506
7/14/1996,1011393
11/13/2004,1011435
7/14/1996,1013170
11/13/2004,1013247
9/25/2008,1014360
9/25/2008,1014361
10/1/2006,1014831
11/13/2004,1016158
7/14/1996,1017782
11/13/2004,1017832
9/25/2008,1019126
9/25/2008,1020514
11/13/2004,1021769
11/13/2004,1025179
11/13/2004,1026748
11/13/2004,1028986
11/13/2004,1032031
9/25/2008,1035286
11/13/2004,1036831
11/13/2004,1036845
10/1/2006,1038481
11/13/2004,1038984
11/13/2004,1039020
11/13/2004,1039691
9/25/2008,1039776
11/13/2004,1040590
11/13/2004,1041587
11/13/2004,1046341
9/25/2008,1047149
7/14/1996,1047279
9/25/2008,1047639
9/25/2008,1047750
11/13/2004,1047856
6/20/1992,1049043
11/13/2004,1051300
11/13/2004,1053180
11/13/2004,1053209
11/13/2004,1053277
9/25/2008,1053907
9/25/2008,1055658
7/14/1996,1055963
6/20/1992,1056135
7/14/1996,1056786
11/13/2004,1057342
1/18/1975,1059181
9/25/2008,1060425
10/1/2006,1060922
8/1/2000,1061982
11/13/2004,1063157
1/18/1975,1065088
8/1/2000,1066907
9/25/2008,1067355
9/25/2008,1067749
7/14/1996,1068467
11/13/2004,1069512
11/13/2004,1072279
11/13/2004,1072491
11/13/2004,1074347
8/1/2000,1076069
7/14/1996,1076272
7/19/1991,1076338
11/13/2004,1077980
11/13/2004,1078127
11/13/2004,1078482
11/13/2004,1078488
11/13/2004,1079628
8/1/2000,1080401
11/13/2004,1083601
11/13/2004,1083889
9/25/2008,1084481
11/13/2004,1084679
9/25/2008,1084872
7/14/1996,1085856
9/25/2008,1086938
11/13/2004,1088230
9/25/2008,1088412
9/25/2008,1088567
8/1/2000,1089606
11/13/2004,1091076
8/1/2000,1092604
7/14/1996,1093994
12/1/1996,1094628
11/13/2004,1095400
12/1/1996,1099396
11/13/2004,1100377
3/13/1992,1101047
7/14/1996,1101611
9/25/2008,1102282
9/25/2008,1104517
9/25/2008,1104548
11/13/2004,1105715
9/25/2008,1107880
10/1/2006,1108229
7/14/1996,1110921
7/14/1996,1112018
7/14/1996,1112163
8/1/2000,1112180
9/25/2008,1112341
9/25/2008,1115677
9/25/2008,1117049
9/25/2008,1118213
11/13/2004,1118409
9/25/2008,1118478
4/1/1977,1119296
11/13/2004,1119661
9/25/2008,1122873
11/13/2004,1123919
11/13/2004,1124225
8/1/2000,1125517
11/13/2004,1126451
9/25/2008,1127791
9/25/2008,1127812
9/25/2008,1129318
11/13/2004,1131357
9/25/2008,1133189
10/1/2006,1133611
7/14/1996,1134858
9/25/2008,1134912
11/13/2004,1135221
11/13/2004,1135719
9/25/2008,1136309
7/14/1996,1136743
9/25/2008,1137501
11/13/2004,1138993
8/1/2000,1139111
11/13/2004,1141036
11/13/2004,1141185
9/25/2008,1144567
9/25/2008,1144594
7/14/1996,1148052
11/13/2004,1148542
9/25/2008,1148939
9/25/2008,1149102
9/25/2008,1149888
9/25/2008,1150783
11/13/2004,1150967
8/1/2000,1155334
11/13/2004,1155500
11/13/2004,1158854
9/25/2008,1158925
9/25/2008,1159709
9/25/2008,1159733
11/13/2004,1160192
12/1/1996,1160754
12/1/1996,1161278
11/13/2004,1161330
12/1/1996,1162913
11/13/2004,1167076
11/13/2004,1171611
9/25/2008,1171892
9/25/2008,1173056
9/25/2008,1177548
9/25/2008,1184658
8/1/2000,1185362
9/25/2008,1185708
11/13/2004,1189464
9/25/2008,1190150
9/25/2008,1191832
11/13/2004,1194532
11/13/2004,1195602
9/25/2008,1196260
12/1/1996,1196819
8/1/2000,1197769
11/13/2004,1199433
7/14/1996,1199859
12/1/1996,1203594
11/13/2004,1207078
8/1/2000,1207415
8/1/2000,1207568
9/25/2008,1209091
9/25/2008,1209470
9/25/2008,1209617
11/13/2004,1213431
9/25/2008,1213466
11/13/2004,1214212
8/1/2000,1215661
10/1/2006,1217612
11/13/2004,1218421
9/25/2008,1219882
1/18/1975,1220910
11/13/2004,1221392
6/20/1992,1222562
1/18/1975,1222705
9/25/2008,1223178
6/20/1992,1223955
11/13/2004,1224368
11/13/2004,1228117
8/1/2000,1228360
11/13/2004,1230378
11/13/2004,1230930
9/25/2008,1231489
9/25/2008,1231759
8/1/2000,1234859
11/13/2004,1235410
9/25/2008,1237044
11/13/2004,1239524
8/1/2000,1241348
11/13/2004,1243667
9/25/2008,1244667
9/25/2008,1247079
9/25/2008,1247642
11/13/2004,1247652
11/13/2004,1248363
7/14/1996,1252196
11/13/2004,1253114
9/25/2008,1253824
8/1/2000,1254276
11/13/2004,1255507
12/1/1996,1255626
11/13/2004,1258293
11/13/2004,1260122
9/25/2008,1260652
11/13/2004,1261494
9/25/2008,1262437
6/20/1992,1267053
11/13/2004,1267100
11/13/2004,1268358
11/13/2004,1268719
11/13/2004,1268957
8/1/2000,1269486
11/13/2004,1270095
11/13/2004,1270677
10/1/2006,1270977
9/25/2008,1273069
9/25/2008,1273233
9/25/2008,1275504
11/13/2004,1275946
9/25/2008,1276696
9/25/2008,1279668
9/25/2008,1282220
9/25/2008,1282893
9/25/2008,1284286
7/14/1996,1284676
9/25/2008,1284888
10/1/2006,1287076
7/14/1996,1287840
11/13/2004,1290888
9/25/2008,1291109
9/25/2008,1291839
10/1/2006,1296955
9/25/2008,1297219
6/20/1992,1299294
9/25/2008,1300631
9/25/2008,1302210
9/25/2008,1303469
9/25/2008,1303471
9/25/2008,1304925
9/25/2008,1305887
9/25/2008,1306222
6/20/1992,1307213
11/13/2004,1308073
9/25/2008,1308366
11/13/2004,1312012
6/20/1992,1315184
11/13/2004,1315812
9/25/2008,1316445
7/14/1996,1319248
7/14/1996,1319663
11/13/2004,1320309
9/25/2008,1325253
9/25/2008,1325663
9/25/2008,1326496
6/20/1992,1328344
8/1/2000,1329394
9/25/2008,1332396
9/25/2008,1332988
9/25/2008,1333398
6/20/1992,1333647
6/20/1992,1333833
11/13/2004,1334135
1/18/1975,1336368
7/14/1996,1342088
6/20/1992,1343582
11/13/2004,1345613
9/25/2008,1348024
7/14/1996,1348673
9/25/2008,1350356
9/25/2008,1351712
7/14/1996,1354317
11/13/2004,1354731
6/20/1992,1355623
1/18/1975,1357620
11/13/2004,1358403
7/14/1996,1364205
11/13/2004,1364795
8/1/2000,1367900
9/25/2008,1370395
7/14/1996,1375307
11/13/2004,1378281
11/13/2004,1379224
11/13/2004,1384599
11/13/2004,1386115
11/13/2004,1391481
8/1/2000,1392388
9/25/2008,1393342
9/25/2008,1393784
11/13/2004,1396494
8/1/2000,1397428
8/1/2000,1398336
6/20/1992,1399717
8/1/2000,1401919
11/13/2004,1405077
7/14/1996,1405219
9/25/2008,1405922
11/13/2004,1406183
6/20/1992,1412693
7/14/1996,1416185
9/25/2008,1420587
9/25/2008,1420863
11/13/2004,1423523
9/25/2008,1423842
8/1/2000,1429093
9/25/2008,1429847
7/14/1996,1429872
11/13/2004,1429995
12/1/1996,1430902
11/13/2004,1432718
11/10/1975,1432905
9/25/2008,1435954
6/20/1992,1436016
9/25/2008,1438020
9/25/2008,1439516
7/14/1996,1440333
11/13/2004,1441919
9/25/2008,1444339
11/13/2004,1444838
9/25/2008,1445642
11/13/2004,1446969
9/25/2008,1447606
9/25/2008,1452540
11/13/2004,1457011
1/18/1975,1457029
11/13/2004,1464143
6/20/1992,1464435
11/13/2004,1464855
6/20/1992,1465212
9/25/2008,1465479
7/14/1996,1466741
9/25/2008,1467320
9/25/2008,1469454
9/25/2008,1469804
9/25/2008,1471683
11/13/2004,1475116
11/13/2004,1475817
9/25/2008,1482980
9/25/2008,1486064
9/25/2008,1489108
7/14/1996,1489877
9/25/2008,1490816
7/14/1996,1493857
11/13/2004,1497680
11/13/2004,1498415
9/25/2008,1498429
9/25/2008,1500018
11/13/2004,1502857
11/13/2004,1503271
1/18/1975,1504057
11/13/2004,1506585
9/25/2008,1514174
11/13/2004,1515841
7/14/1996,1521706
9/25/2008,1521942
11/13/2004,1521985
9/25/2008,1524907
9/25/2008,1525378
9/25/2008,1527403
9/25/2008,1527414
9/25/2008,1529101
9/25/2008,1529815
9/25/2008,1533083
4/1/1977,1533661
12/1/1996,1538265
12/1/1996,1538486
11/10/1975,1540044
10/1/2006,1542330
8/1/2000,1545160
8/1/2000,1545360
9/25/2008,1550156
9/25/2008,1554061
11/13/2004,1556142
9/25/2008,1563461
11/13/2004,1563528
11/13/2004,1568803
9/25/2008,1569740
9/25/2008,1575569
8/1/2000,1580294
11/13/2004,1580866
9/25/2008,1589464
11/13/2004,1591836
9/25/2008,1596047
11/13/2004,1597733
9/25/2008,1597749
9/25/2008,1600882
9/25/2008,1600988
7/14/1996,1604084
10/1/2006,1611511
11/13/2004,1612048
7/14/1996,1612326
9/25/2008,1613317
8/1/2000,1613385
6/20/1992,1616626
9/25/2008,1624189
6/20/1992,1625062
7/14/1996,1628169
9/25/2008,1630051
11/13/2004,1638731
11/13/2004,1638964
11/13/2004,1639072
8/1/2000,1649273
9/25/2008,1651897
9/25/2008,1653080
12/1/1996,1653100
11/13/2004,1653351
9/25/2008,1655984
10/1/2006,1657103
9/25/2008,1662681
11/13/2004,1663619
11/13/2004,1663951
6/20/1992,1664668
11/13/2004,1667082
9/25/2008,1677193
8/1/2000,1700023
11/13/2004,1700534
8/1/2000,1702549
7/14/1996,1708230
9/25/2008,1717267
7/14/1996,1724554
7/14/1996,1730679
9/25/2008,1732338
9/25/2008,1732622
9/25/2008,1734091
11/13/2004,1738257
8/1/2000,1739302
8/1/2000,1741402
9/25/2008,1742494
10/1/2006,1743728
1/18/1975,1746291
7/14/1996,1751531
9/25/2008,1765159
9/25/2008,1766822
7/14/1996,1770119
9/25/2008,1776836
9/25/2008,1780779
7/14/1996,1788053
9/25/2008,1788755
12/1/1996,1790357
9/25/2008,1793147
8/1/2000,1796003
9/25/2008,1800666
9/25/2008,1812988
7/14/1996,1815725
9/25/2008,1815742
11/13/2004,1817946
7/14/1996,1829951
11/13/2004,1829961
9/25/2008,1830264
1/18/1975,1832060
9/25/2008,1834034
1/18/1975,1835441
9/25/2008,1845386
12/1/1996,1846536
9/25/2008,1851440
11/13/2004,1858352
9/25/2008,1868658
7/14/1996,1869096
6/20/1992,1869911
11/13/2004,1899137
9/25/2008,1910464
11/13/2004,1914958
9/25/2008,1946434
9/25/2008,1954147
1/18/1975,1964359
11/13/2004,1969651
11/13/2004,1971193
8/1/2000,1973773
11/13/2004,1978555
11/13/2004,1993392
10/1/2006,1998401
10/1/2006,2002181
8/1/2000,2004646
6/20/1992,2006247
9/25/2008,2021044
1/18/1975,2035236
11/13/2004,2041898
9/25/2008,2049415
7/14/1996,2051458
8/1/2000,2053293
9/25/2008,2061558
8/1/2000,2067161
7/14/1996,2071660
11/13/2004,2077501
10/1/2006,2079232
11/13/2004,2083698
11/13/2004,2089244
9/25/2008,2095799
9/25/2008,2096949
11/13/2004,2103858
11/13/2004,2117206
9/25/2008,2123447
9/25/2008,2126051
7/14/1996,2131897
7/14/1996,2134696
7/14/1996,2137077
11/13/2004,2140289
8/1/2000,2153341
11/13/2004,2163925
9/25/2008,2183219
11/13/2004,2203808
6/20/1992,2206072
9/25/2008,2210275
8/1/2000,2210379
10/1/2006,2215817
11/13/2004,2217551
6/20/1992,2225511
8/1/2000,2232563
7/14/1996,2242758
11/13/2004,2276626
7/14/1996,2291734
9/25/2008,2300471
11/13/2004,2307179
11/13/2004,2308623
11/13/2004,2315724
8/1/2000,2329339
9/25/2008,2333293
10/1/2006,2334815
7/14/1996,2386000
9/25/2008,2403604
10/1/2006,2408359
9/25/2008,2435838
9/25/2008,2437280
7/14/1996,2441770
11/13/2004,2441989
11/13/2004,2459793
11/13/2004,2472724
7/14/1996,2487130
11/13/2004,2497664
11/13/2004,2499295
6/20/1992,2501287
11/13/2004,2505489
8/1/2000,2513142
11/13/2004,2521622
11/13/2004,2531015
11/13/2004,2536855
11/13/2004,2575339
11/13/2004,2581766
11/13/2004,2598989
11/13/2004,2634980
11/13/2004,2646393
6/20/1992,2650741
11/13/2004,2652732
11/13/2004,2677034
11/13/2004,2715284
7/14/1996,2717827
11/13/2004,2719532
6/20/1992,2741879
11/13/2004,2787951
11/13/2004,2796917
9/25/2008,2799849
9/25/2008,2818387
11/13/2004,2831978
7/14/1996,2836026
11/13/2004,2844183
7/14/1996,2850454
9/25/2008,2899269
11/13/2004,2913245
11/13/2004,2923146
11/13/2004,2931606
11/13/2004,2947324
11/13/2004,2952690
11/13/2004,2971597
11/13/2004,2990492
11/13/2004,3038868
7/14/1996,3126833
7/14/1996,3162016
11/13/2004,3170371
8/1/2000,3212801
1/18/1975,3232506
11/13/2004,3249811
9/25/2008,3278798
8/1/2000,3389699
11/13/2004,3392799
11/13/2004,3520172
11/9/1990,3538921
8/1/2000,3584421
7/14/1996,3624261
7/14/1996,3691334
6/20/1992,3725828
12/1/1996,3744845
6/20/1992,3749136
6/20/1992,3762384
6/20/1992,3797731
9/25/2008,3816119
11/13/2004,3879625
10/1/2006,3968331
7/14/1996,3980378
1/18/1975,4156424
9/25/2008,4196670
7/14/1996,4266928
11/13/2004,4276584
11/13/2004,4331598
11/13/2004,4470480
7/14/1996,4800480
6/20/1992,5020600
11/13/2004,5301557
11/13/2004,5381598
6/20/1992,5571115
11/13/2004,5585148
9/25/2008,5785231
11/13/2004,6108617
10/1/2006,7144145
7/14/1996,7145454
7/14/1996,7242087
7/14/1996,7960627
11/13/2004,8675813
11/13/2004,11460523
11/13/2004,11738974
11/13/2004,12569645
9/25/2008,12649055
9/25/2008,16295289
11/13/2004,23324582
11/13/2004,26655683
11/13/2004,28564286
11/13/2004,30945160
11/13/2004,34669021
11/13/2004,39524482
11/13/2004,100486403
11/13/2004,251964626
8/1/2000,355358376
6/20/1992,526804232
